id,name,type,sensor_width_mm,sensor_height_mm,sensor_area_mm2,megapixels,pixel_pitch_um,year,matched_sensors
508,Sony Alpha 7S III Body,,35.60,23.80,847.28,12.1,8.37,2020,IMX235;IMX510
524,Sony ZV-E1,,35.60,23.80,847.28,12.1,8.37,2023,IMX235;IMX510
525,Sony ZV-E1 Body,,35.60,23.80,847.28,12.1,8.37,2023,IMX235;IMX510
507,Sony Alpha 7S II Body,,35.60,23.80,847.28,12.2,8.33,2015,IMX235;IMX510
42,Canon EOS 1D Mark III Body,,28.10,18.70,525.47,10.1,7.21,2007,
43,Canon EOS 1D X Body,,36.00,24.00,864.00,18.1,6.91,2011,
266,Leica M-E Typ 220,,35.80,23.90,855.62,18.0,6.89,2012,
45,Canon EOS 1D X Mark III Body,,36.00,24.00,864.00,20.1,6.56,2020,
82,Canon EOS R6,,36.00,24.00,864.00,20.1,6.56,2020,
83,Canon EOS R6 Body,,36.00,24.00,864.00,20.1,6.56,2020,
44,Canon EOS 1D X Mark II Body,,35.90,23.90,858.01,20.2,6.52,2016,
301,Nikon D5,,35.90,23.90,858.01,20.8,6.42,2017,
303,Nikon D6 Body,,35.90,23.90,858.01,20.8,6.42,2020,
46,Canon EOS 1Ds Mark III Body,,36.00,24.00,864.00,21.1,6.40,2007,
53,Canon EOS 5D Mark III Body,,36.00,24.00,864.00,22.3,6.22,2012,
279,Leica SL Typ 601,,36.00,24.00,864.00,24.0,6.00,2019,IMX071;IMX128;IMX157;IMX310;IMX410
73,Canon EOS R3 Body,,36.00,24.00,864.00,24.1,5.99,2021,IMX071;IMX128;IMX157;IMX310;IMX410
68,Canon EOS R1 Body,,36.00,24.00,864.00,24.2,5.98,2024,IMX071;IMX128;IMX157;IMX310;IMX410
393,Panasonic Lumix DC-S1,,36.00,24.00,864.00,24.2,5.98,2019,IMX071;IMX128;IMX157;IMX310;IMX410
394,Panasonic Lumix DC-S1 Body,,36.00,24.00,864.00,24.2,5.98,2019,IMX071;IMX128;IMX157;IMX310;IMX410
84,Canon EOS R6 Mark II,,35.90,23.90,858.01,24.2,5.95,2022,IMX071;IMX128;IMX157;IMX310;IMX410
85,Canon EOS R6 Mark II Body,,35.90,23.90,858.01,24.2,5.95,2022,IMX071;IMX128;IMX157;IMX310;IMX410
89,Canon EOS R8,,35.90,23.90,858.01,24.2,5.95,2023,IMX071;IMX128;IMX157;IMX310;IMX410
90,Canon EOS R8 Body,,35.90,23.90,858.01,24.2,5.95,2023,IMX071;IMX128;IMX157;IMX310;IMX410
396,Panasonic Lumix DC-S1II,,35.80,23.80,852.04,24.1,5.95,2025,IMX071;IMX128;IMX157;IMX310;IMX410
397,Panasonic Lumix DC-S1II Body,,35.80,23.80,852.04,24.1,5.95,2025,IMX071;IMX128;IMX157;IMX310;IMX410
313,Nikon Z 5,,35.90,23.90,858.01,24.3,5.94,2020,IMX071;IMX128;IMX157;IMX310;IMX410
314,Nikon Z 5 Body,,35.90,23.90,858.01,24.3,5.94,2020,IMX071;IMX128;IMX157;IMX310;IMX410
315,Nikon Z 5 mit Bajonettadapter FTZ,,35.90,23.90,858.01,24.3,5.94,2021,IMX071;IMX128;IMX157;IMX310;IMX410
491,Sony Alpha 7 II,,35.80,23.90,855.62,24.3,5.93,2014,IMX071;IMX128;IMX157;IMX310;IMX410
498,Sony Alpha 7K,,35.80,23.90,855.62,24.3,5.93,2013,IMX071;IMX128;IMX157;IMX310;IMX410
398,Panasonic Lumix DC-S1IIE,,35.80,23.80,852.04,24.2,5.93,2025,IMX071;IMX128;IMX157;IMX310;IMX410
399,Panasonic Lumix DC-S1IIE Body,,35.80,23.80,852.04,24.2,5.93,2025,IMX071;IMX128;IMX157;IMX310;IMX410
281,Leica SL2-S Typ 9584,,36.00,24.00,864.00,24.6,5.93,2020,IMX071;IMX128;IMX157;IMX310;IMX410
283,Leica SL3-S Typ 4506,,36.00,24.00,864.00,24.6,5.93,2025,IMX071;IMX128;IMX157;IMX310;IMX410
307,Nikon D780,,35.90,23.90,858.01,24.5,5.92,2020,IMX071;IMX128;IMX157;IMX310;IMX410
308,Nikon D780 Body,,35.90,23.90,858.01,24.5,5.92,2020,IMX071;IMX128;IMX157;IMX310;IMX410
321,Nikon Z 5II,,35.90,23.90,858.01,24.5,5.92,2025,IMX071;IMX128;IMX157;IMX310;IMX410
322,Nikon Z 5II Body,,35.90,23.90,858.01,24.5,5.92,2025,IMX071;IMX128;IMX157;IMX310;IMX410
323,Nikon Z 6,,35.90,23.90,858.01,24.5,5.92,2018,IMX071;IMX128;IMX157;IMX310;IMX410
324,Nikon Z 6 mit Bajonettadapter FTZ und Speicherkarte,,35.90,23.90,858.01,24.5,5.92,2019,IMX071;IMX128;IMX157;IMX310;IMX410
325,Nikon Z 6II,,35.90,23.90,858.01,24.5,5.92,2020,IMX071;IMX128;IMX157;IMX310;IMX410
326,Nikon Z 6II Body,,35.90,23.90,858.01,24.5,5.92,2020,IMX071;IMX128;IMX157;IMX310;IMX410
327,Nikon Z 6II mit Bajonettadapter FTZ,,35.90,23.90,858.01,24.5,5.92,2020,IMX071;IMX128;IMX157;IMX310;IMX410
328,Nikon Z 6II mit Essential Film Kit,,35.90,23.90,858.01,24.5,5.92,2021,IMX071;IMX128;IMX157;IMX310;IMX410
329,Nikon Z 6III,,35.90,23.90,858.01,24.5,5.92,2024,IMX071;IMX128;IMX157;IMX310;IMX410
330,Nikon Z 6III Body,,35.90,23.90,858.01,24.5,5.92,2024,IMX071;IMX128;IMX157;IMX310;IMX410
339,Nikon Z f,,35.90,23.90,858.01,24.5,5.92,2023,IMX071;IMX128;IMX157;IMX310;IMX410
340,Nikon Z f Body,,35.90,23.90,858.01,24.5,5.92,2023,IMX071;IMX128;IMX157;IMX310;IMX410
395,Panasonic Lumix DC-S1H Body,,35.60,23.80,847.28,24.2,5.92,2019,IMX071;IMX128;IMX157;IMX310;IMX410
404,Panasonic Lumix DC-S5,,35.60,23.80,847.28,24.2,5.92,2020,IMX071;IMX128;IMX157;IMX310;IMX410
405,Panasonic Lumix DC-S5 Body,,35.60,23.80,847.28,24.2,5.92,2020,IMX071;IMX128;IMX157;IMX310;IMX410
406,Panasonic Lumix DC-S5D,,35.60,23.80,847.28,24.2,5.92,2024,IMX071;IMX128;IMX157;IMX310;IMX410
407,Panasonic Lumix DC-S5II,,35.60,23.80,847.28,24.2,5.92,2023,IMX071;IMX128;IMX157;IMX310;IMX410
408,Panasonic Lumix DC-S5II Body,,35.60,23.80,847.28,24.2,5.92,2023,IMX071;IMX128;IMX157;IMX310;IMX410
409,Panasonic Lumix DC-S5IIX,,35.60,23.80,847.28,24.2,5.92,2023,IMX071;IMX128;IMX157;IMX310;IMX410
410,Panasonic Lumix DC-S5IIX Body,,35.60,23.80,847.28,24.2,5.92,2023,IMX071;IMX128;IMX157;IMX310;IMX410
411,Panasonic Lumix DC-S9,,35.60,23.80,847.28,24.2,5.92,2024,IMX071;IMX128;IMX157;IMX310;IMX410
492,Sony Alpha 7 III,,35.60,23.80,847.28,24.2,5.92,2018,IMX071;IMX128;IMX157;IMX310;IMX410
495,Sony Alpha 7C,,35.60,23.80,847.28,24.2,5.92,2020,IMX071;IMX128;IMX157;IMX310;IMX410
509,Sony Alpha 9 Body,,35.60,23.80,847.28,24.2,5.92,2017,IMX071;IMX128;IMX157;IMX310;IMX410
510,Sony Alpha 9 II Body,,35.60,23.80,847.28,24.2,5.92,2019,IMX071;IMX128;IMX157;IMX310;IMX410
304,Nikon D610,,35.90,24.00,861.60,24.7,5.91,2013,IMX071;IMX128;IMX157;IMX310;IMX410
473,Sigma BF Body,,35.90,23.90,858.01,24.6,5.91,2025,IMX071;IMX128;IMX157;IMX310;IMX410
474,Sigma fp,,35.90,23.90,858.01,24.6,5.91,2019,IMX071;IMX128;IMX157;IMX310;IMX410
475,Sigma fp Body,,35.90,23.90,858.01,24.6,5.91,2019,IMX071;IMX128;IMX157;IMX310;IMX410
511,Sony Alpha 9 III Body,,35.60,23.80,847.28,24.6,5.87,2023,IMX071;IMX128;IMX157;IMX310;IMX410
56,Canon EOS 6D Mark II Body,,35.90,24.00,861.60,26.2,5.73,2017,
91,Canon EOS RP,,35.90,24.00,861.60,26.2,5.73,2019,
92,Canon EOS RP Body,,35.90,24.00,861.60,26.2,5.73,2019,
218,Hasselblad 907X 50C Body,,43.80,32.90,1441.02,50.0,5.37,2024,IMX161
66,Canon EOS R,,36.00,24.00,864.00,30.3,5.34,2020,
67,Canon EOS R Body,,36.00,24.00,864.00,30.3,5.34,2019,
54,Canon EOS 5D Mark IV,,36.00,24.00,864.00,30.4,5.33,2016,
55,Canon EOS 5D Mark IV Body,,36.00,24.00,864.00,30.4,5.33,2016,
101,Canon PowerShot V1,1/0.7,29.03,21.77,631.99,22.3,5.32,2025,
220,Hasselblad X1D-50c,,43.80,32.90,1441.02,51.3,5.30,2017,IMX161
179,Fujifilm GFX 50R Body,,43.80,32.90,1441.02,51.4,5.29,2018,IMX161
180,Fujifilm GFX 50S II,,43.80,32.90,1441.02,51.4,5.29,2021,IMX161
181,Fujifilm GFX 50S II Body,,43.80,32.90,1441.02,51.4,5.29,2021,IMX161
496,Sony Alpha 7C II,,35.90,23.90,858.01,33.0,5.10,2023,
493,Sony Alpha 7 IV,,35.60,23.80,847.28,33.0,5.07,2021,
494,Sony Alpha 7 IV Body,,35.60,23.80,847.28,33.0,5.07,2021,
309,Nikon D810,,35.90,24.00,861.60,36.3,4.87,2014,IMX094
427,Pentax K-1 II,,35.90,24.00,861.60,36.4,4.87,2018,IMX094
102,Canon PowerShot V10 Advanced Vlogging Kit,1/1,20.32,15.24,309.68,13.1,4.86,2023,
103,Canon PowerShot V10 Vlogging Kit,1/1,20.32,15.24,309.68,13.1,4.86,2023,
104,Canon PowerShot V10 Vlogging Starter Kit,1/1,20.32,15.24,309.68,13.1,4.86,2023,
499,Sony Alpha 7R Body,,35.80,23.90,855.62,36.4,4.85,2013,IMX094
287,Leica TL Typ 701,,23.60,15.70,370.52,16.3,4.77,2016,
296,Nikon Coolpix A,1/0.6,23.60,15.60,368.16,16.2,4.77,2013,
200,Fujifilm X-A1,,23.60,15.60,368.16,16.3,4.75,2013,
210,Fujifilm X-T1,,23.60,15.60,368.16,16.3,4.75,2014,
388,Panasonic Lumix DC-GH5S Body,,17.30,13.00,224.90,10.3,4.67,2018,
267,Leica M10-R Typ 6376,,36.00,24.00,864.00,40.0,4.65,2020,
219,Hasselblad H6D-100c Body,,53.40,40.00,2136.00,100.1,4.62,2016,IMX211
436,Phase One IQ4 100MP Body,,53.40,40.00,2136.00,101.0,4.60,2024,IMX211
500,Sony Alpha 7R III Body,,35.90,24.00,861.60,42.4,4.51,2017,IMX251;IMX366
501,Sony Alpha 7R III Body,,35.90,24.00,861.60,42.4,4.51,2021,IMX251;IMX366
93,Canon PowerShot G1 X Mark II,1/0.7,18.70,14.00,261.80,13.1,4.47,2014,
402,Panasonic Lumix DC-S1R II,,36.00,24.00,864.00,44.3,4.42,2025,IMX251;IMX309;IMX366;IMX609
403,Panasonic Lumix DC-S1R II Body,,36.00,24.00,864.00,44.3,4.42,2025,IMX251;IMX309;IMX366;IMX609
74,Canon EOS R5,,36.00,24.00,864.00,45.0,4.38,2022,IMX309;IMX366;IMX609
75,Canon EOS R5 Body,,36.00,24.00,864.00,45.0,4.38,2020,IMX309;IMX366;IMX609
76,Canon EOS R5 C Body,,36.00,24.00,864.00,45.0,4.38,2022,IMX309;IMX366;IMX609
77,Canon EOS R5 Mark II,,36.00,24.00,864.00,45.0,4.38,2024,IMX309;IMX366;IMX609
78,Canon EOS R5 Mark II Body,,36.00,24.00,864.00,45.0,4.38,2024,IMX309;IMX366;IMX609
310,Nikon D850,,35.90,23.90,858.01,45.7,4.33,2017,IMX309;IMX366;IMX609
331,Nikon Z 7,,35.90,23.90,858.01,45.7,4.33,2018,IMX309;IMX366;IMX609
332,Nikon Z 7 mit Bajonettadapter FTZ,,35.90,23.90,858.01,45.7,4.33,2018,IMX309;IMX366;IMX609
333,Nikon Z 7II,,35.90,23.90,858.01,45.7,4.33,2020,IMX309;IMX366;IMX609
334,Nikon Z 7II Body,,35.90,23.90,858.01,45.7,4.33,2020,IMX309;IMX366;IMX609
335,Nikon Z 7II mit Bajonettadapter FTZ,,35.90,23.90,858.01,45.7,4.33,2020,IMX309;IMX366;IMX609
336,Nikon Z 8,,35.90,23.90,858.01,45.7,4.33,2023,IMX309;IMX366;IMX609
337,Nikon Z 8 Body,,35.90,23.90,858.01,45.7,4.33,2023,IMX309;IMX366;IMX609
338,Nikon Z 9 Body,,35.90,23.90,858.01,45.7,4.33,2021,IMX309;IMX366;IMX609
419,Panasonic Lumix DMC-GF3,,17.30,13.00,224.90,12.1,4.31,2011,
420,Panasonic Lumix DMC-GF5,,17.30,13.00,224.90,12.1,4.31,2012,
41,Canon EOS 1300D,,22.30,14.90,332.27,18.0,4.30,2016,
51,Canon EOS 4000D,,22.30,14.90,332.27,18.0,4.30,2018,
52,Canon EOS 4000D Body,,22.30,14.90,332.27,18.0,4.30,2018,
58,Canon EOS 7D Body,,22.30,14.90,332.27,18.0,4.30,2009,
273,Leica Q2 Monochrom,1/0.5,36.00,24.00,864.00,47.3,4.27,2020,IMX309;IMX609
274,Leica Q2 Typ 4889,1/0.5,36.00,24.00,864.00,47.3,4.27,2019,IMX309;IMX609
275,"Leica Q2 Typ 4889 Disney ""100 Years of Wonder""",1/0.5,36.00,24.00,864.00,47.3,4.27,2023,IMX309;IMX609
276,Leica Q2 Typ 4889 Reporter,1/0.5,36.00,24.00,864.00,47.3,4.27,2021,IMX309;IMX609
280,Leica SL2 Typ 2998,,36.00,24.00,864.00,47.3,4.27,2019,IMX309;IMX609
400,Panasonic Lumix DC-S1R,,36.00,24.00,864.00,47.3,4.27,2019,IMX309;IMX609
401,Panasonic Lumix DC-S1R Body,,36.00,24.00,864.00,47.3,4.27,2019,IMX309;IMX609
306,Nikon D7500,,23.50,15.70,368.95,20.9,4.20,2017,IMX321
311,Nikon Z 30,,23.50,15.70,368.95,20.9,4.20,2022,IMX321
312,Nikon Z 30 Body,,23.50,15.70,368.95,20.9,4.20,2022,IMX321
316,Nikon Z 50,,23.50,15.70,368.95,20.9,4.20,2019,IMX321
317,Nikon Z 50 Body,,23.50,15.70,368.95,20.9,4.20,2019,IMX321
318,Nikon Z 50 mit Bajonettadapter FTZ,,23.50,15.70,368.95,20.9,4.20,2019,IMX321
319,Nikon Z 50II,,23.50,15.70,368.95,20.9,4.20,2024,IMX321
320,Nikon Z 50II Body,,23.50,15.70,368.95,20.9,4.20,2024,IMX321
341,Nikon Z fc,,23.50,15.70,368.95,20.9,4.20,2021,IMX321
480,Sony Alpha 1 II Body,,35.90,24.00,861.60,50.1,4.15,2024,IMX610
479,Sony Alpha 1 Body,,35.60,24.00,854.40,50.1,4.13,2021,IMX610
455,RICOH Theta Z1,1/1,20.32,15.24,309.68,20.0,3.93,2019,
94,Canon PowerShot G7 X Mark II,1/1,20.32,15.24,309.68,20.1,3.93,2016,
95,Canon PowerShot G7 X Mark III,1/1,20.32,15.24,309.68,20.1,3.93,2019,
412,Panasonic Lumix DMC-FZ2000,1/1,20.32,15.24,309.68,20.1,3.93,2016,
422,Panasonic Lumix DMC-LX15,1/1,20.32,15.24,309.68,20.1,3.93,2016,
305,Nikon D7100,,23.50,15.60,366.60,24.1,3.90,2013,IMX193;IMX210;IMX271;IMX284
302,Nikon D5600,,23.50,15.60,366.60,24.2,3.89,2016,IMX193;IMX210;IMX271;IMX284
482,Sony Alpha 6100,,23.50,15.60,366.60,24.2,3.89,2019,IMX193;IMX210;IMX271;IMX284
483,Sony Alpha 6300,,23.50,15.60,366.60,24.2,3.89,2016,IMX193;IMX210;IMX271;IMX284
484,Sony Alpha 6400,,23.50,15.60,366.60,24.2,3.89,2019,IMX193;IMX210;IMX271;IMX284
485,Sony Alpha 6400 A,,23.50,15.60,366.60,24.2,3.89,2025,IMX193;IMX210;IMX271;IMX284
486,Sony Alpha 6500,,23.50,15.60,366.60,24.2,3.89,2016,IMX193;IMX210;IMX271;IMX284
487,Sony Alpha 6600,,23.50,15.60,366.60,24.2,3.89,2019,IMX193;IMX210;IMX271;IMX284
488,Sony Alpha 6600 Body,,23.50,15.60,366.60,24.2,3.89,2019,IMX193;IMX210;IMX271;IMX284
526,Sony ZV-E10,,23.50,15.60,366.60,24.2,3.89,2021,IMX193;IMX210;IMX271;IMX284
527,Sony ZV-E10 Body,,23.50,15.60,366.60,24.2,3.89,2021,IMX193;IMX210;IMX271;IMX284
430,Pentax KF,,23.50,15.60,366.60,24.2,3.89,2022,IMX193;IMX210;IMX271;IMX284
445,RICOH GR III,1/0.6,23.50,15.60,366.60,24.2,3.89,2019,IMX193;IMX210;IMX271;IMX284
446,RICOH GR III Diary Edition,1/0.6,23.50,15.60,366.60,24.2,3.89,2023,IMX193;IMX210;IMX271;IMX284
447,RICOH GR III HDF,1/0.6,23.50,15.60,366.60,24.2,3.89,2024,IMX193;IMX210;IMX271;IMX284
448,RICOH GR III Street Edition,1/0.6,23.50,15.60,366.60,24.2,3.89,2020,IMX193;IMX210;IMX271;IMX284
449,RICOH GR III Street Edition Special Limited,1/0.6,23.50,15.60,366.60,24.2,3.89,2020,IMX193;IMX210;IMX271;IMX284
450,RICOH GR IIIx,1/0.6,23.50,15.60,366.60,24.2,3.89,2021,IMX193;IMX210;IMX271;IMX284
451,RICOH GR IIIx HDF,1/0.6,23.50,15.60,366.60,24.2,3.89,2024,IMX193;IMX210;IMX271;IMX284
452,RICOH GR IIIx Urban Edition,1/0.6,23.50,15.60,366.60,24.2,3.89,2022,IMX193;IMX210;IMX271;IMX284
431,Pentax KP,,23.50,15.60,366.60,24.3,3.88,2017,IMX193;IMX210;IMX271;IMX284
481,Sony Alpha 6000,,23.50,15.60,366.60,24.3,3.88,2014,IMX193;IMX210;IMX271;IMX284
217,Hasselblad 907X 100C Body,,43.80,32.90,1441.02,100.0,3.80,2024,IMX461
221,Hasselblad X2D 100C Body,,43.80,32.90,1441.02,100.0,3.80,2022,IMX461
268,Leica M11 Monochrom Typ 2416,,36.00,24.00,864.00,60.3,3.79,2023,IMX451;IMX455
269,Leica M11 Typ 2416,,36.00,24.00,864.00,60.3,3.79,2022,IMX451;IMX455
270,Leica M11-D Typ 2221 Body,,36.00,24.00,864.00,60.3,3.79,2024,IMX451;IMX455
271,Leica M11-P Typ 2416,,36.00,24.00,864.00,60.3,3.79,2023,IMX451;IMX455
272,Leica M11-P Typ 2416 Safari Body,,36.00,24.00,864.00,60.3,3.79,2025,IMX451;IMX455
277,Leica Q3 43 Typ 6506,1/0.5,36.00,24.00,864.00,60.3,3.79,2024,IMX451;IMX455
278,Leica Q3 Typ 6506,1/0.5,36.00,24.00,864.00,60.3,3.79,2023,IMX451;IMX455
282,Leica SL3 Typ 5404,,36.00,24.00,864.00,60.3,3.79,2024,IMX451;IMX455
476,Sigma fp L Body,,36.00,24.00,864.00,61.0,3.76,2021,IMX451;IMX455
477,Sigma fp L mit EVF-11 Sucher,,36.00,24.00,864.00,61.0,3.76,2021,IMX451;IMX455
437,Phase One IQ4 150MP Achromatic Body,,53.40,40.00,2136.00,151.0,3.76,2019,IMX411
438,Phase One IQ4 150MP Body,,53.40,40.00,2136.00,151.0,3.76,2019,IMX411
206,Fujifilm X-M5,,23.50,15.70,368.95,26.1,3.76,2024,IMX571
173,Fujifilm GFX 100 Body,,43.80,32.90,1441.02,102.0,3.76,2019,IMX461
174,Fujifilm GFX 100 II Body,,43.80,32.90,1441.02,102.0,3.76,2023,IMX461
175,Fujifilm GFX 100 IR Body,,43.80,32.90,1441.02,102.0,3.76,2020,IMX461
176,Fujifilm GFX 100RF,1/0.5,43.80,32.90,1441.02,102.0,3.76,2025,IMX461
177,Fujifilm GFX 100S Body,,43.80,32.90,1441.02,102.0,3.76,2021,IMX461
178,Fujifilm GFX 100S II Body,,43.80,32.90,1441.02,102.0,3.76,2024,IMX461
414,Panasonic Lumix DMC-G70,,17.30,13.00,224.90,16.0,3.75,2015,
415,Panasonic Lumix DMC-G80,,17.30,13.00,224.90,16.0,3.75,2018,
416,Panasonic Lumix DMC-G80 Body,,17.30,13.00,224.90,16.0,3.75,2018,
417,Panasonic Lumix DMC-G81,,17.30,13.00,224.90,16.0,3.75,2016,
418,Panasonic Lumix DMC-G81 Body,,17.30,13.00,224.90,16.0,3.75,2016,
421,Panasonic Lumix DMC-GX80,,17.30,13.00,224.90,16.0,3.75,2016,
428,Pentax K-3 III,,23.30,15.50,361.15,25.7,3.75,2021,IMX571
207,Fujifilm X-S10,,23.50,15.60,366.60,26.1,3.75,2020,IMX571
208,Fujifilm X-S20,,23.50,15.60,366.60,26.1,3.75,2023,IMX571
209,Fujifilm X-S20 Body,,23.50,15.60,366.60,26.1,3.75,2023,IMX571
211,Fujifilm X-T30 II,,23.50,15.60,366.60,26.1,3.75,2021,IMX571
212,Fujifilm X-T4,,23.50,15.60,366.60,26.1,3.75,2020,IMX571
429,Pentax K-3 III Monochrome,,23.30,15.50,361.15,25.7,3.75,2023,IMX571
204,Fujifilm X-H2S,,23.50,15.60,366.60,26.2,3.74,2025,IMX571
205,Fujifilm X-H2S Body,,23.50,15.60,366.60,26.2,3.74,2022,IMX571
350,Olympus OM-D E-M10 Mark III,,17.30,13.00,224.90,16.1,3.74,2017,
351,Olympus OM-D E-M10 Mark III S,,17.30,13.00,224.90,16.1,3.74,2022,
353,Olympus OM-D E-M5 Mark II,,17.30,13.00,224.90,16.1,3.74,2017,
497,Sony Alpha 7CR,,35.70,23.80,849.66,61.0,3.73,2023,IMX451;IMX455
502,Sony Alpha 7R IV,,35.70,23.80,849.66,61.0,3.73,2021,IMX451;IMX455
503,Sony Alpha 7R IV Body,,35.70,23.80,849.66,61.0,3.73,2019,IMX451;IMX455
504,Sony Alpha 7R IV Body,,35.70,23.80,849.66,61.0,3.73,2021,IMX451;IMX455
505,Sony Alpha 7R V,,35.70,23.80,849.66,61.0,3.73,2022,IMX451;IMX455
506,Sony Alpha 7R V Body,,35.70,23.80,849.66,61.0,3.73,2022,IMX451;IMX455
489,Sony Alpha 6700,,23.30,15.50,361.15,26.0,3.73,2023,IMX571
490,Sony Alpha 6700 Body,,23.30,15.50,361.15,26.0,3.73,2023,IMX571
528,Sony ZV-E10 II,,23.30,15.50,361.15,26.0,3.73,2024,IMX571
529,Sony ZV-E10 II Body,,23.30,15.50,361.15,26.0,3.73,2024,IMX571
47,Canon EOS 2000D,,22.30,14.90,332.27,24.1,3.71,2018,
48,Canon EOS 2000D Body,,22.30,14.90,332.27,24.1,3.71,2018,
50,Canon EOS 250D,,22.30,14.90,332.27,24.1,3.71,2019,
65,Canon EOS M50,,22.30,14.90,332.27,24.1,3.71,2018,
71,Canon EOS R100,,22.30,14.90,332.27,24.1,3.71,2023,
72,Canon EOS R100 Body,,22.30,14.90,332.27,24.1,3.71,2023,
49,Canon EOS 200D,,22.30,14.90,332.27,24.2,3.71,2017,
57,Canon EOS 77D Body,,22.30,14.90,332.27,24.2,3.71,2017,
59,Canon EOS 80D Body,,22.30,14.90,332.27,24.2,3.71,2016,
60,Canon EOS 850D Body,,22.30,14.90,332.27,24.2,3.71,2020,
63,Canon EOS M5,,22.30,14.90,332.27,24.2,3.71,2016,
64,Canon EOS M5 Body,,22.30,14.90,332.27,24.2,3.71,2016,
69,Canon EOS R10,,22.30,14.90,332.27,24.2,3.71,2022,
70,Canon EOS R10 Body,,22.30,14.90,332.27,24.2,3.71,2022,
79,Canon EOS R50,,22.30,14.90,332.27,24.2,3.71,2023,
80,Canon EOS R50 V,,22.30,14.90,332.27,24.2,3.71,2025,
81,Canon EOS R50 V Body,,22.30,14.90,332.27,24.2,3.71,2025,
264,Leica D-Lux 8,1/0.7,17.10,11.80,201.78,17.0,3.45,2024,
265,Leica D-Lux 8 100 Years of Leica,1/0.7,17.10,11.80,201.78,17.0,3.45,2025,
295,Nikon 1 S1,,13.20,8.80,116.16,10.1,3.39,2013,
352,Olympus OM-D E-M10 Mark IV,,17.30,13.00,224.90,20.3,3.33,2020,
355,Olympus PEN E-P7,,17.30,13.00,224.90,20.3,3.33,2021,
370,Panasonic Lumix DC-G100,,17.30,13.00,224.90,20.3,3.33,2020,
371,Panasonic Lumix DC-G100D,,17.30,13.00,224.90,20.3,3.33,2024,
372,Panasonic Lumix DC-G100D Body,,17.30,13.00,224.90,20.3,3.33,2024,
373,Panasonic Lumix DC-G110,,17.30,13.00,224.90,20.3,3.33,2020,
374,Panasonic Lumix DC-G9,,17.30,13.00,224.90,20.3,3.33,2017,
375,Panasonic Lumix DC-G9 Body,,17.30,13.00,224.90,20.3,3.33,2017,
376,Panasonic Lumix DC-G90,,17.30,13.00,224.90,20.3,3.33,2019,
377,Panasonic Lumix DC-G90 Body,,17.30,13.00,224.90,20.3,3.33,2019,
378,Panasonic Lumix DC-G91,,17.30,13.00,224.90,20.3,3.33,2019,
379,Panasonic Lumix DC-G91 Body,,17.30,13.00,224.90,20.3,3.33,2019,
380,Panasonic Lumix DC-G97,,17.30,13.00,224.90,20.3,3.33,2024,
381,Panasonic Lumix DC-G97 Body,,17.30,13.00,224.90,20.3,3.33,2024,
384,Panasonic Lumix DC-GH5,,17.30,13.00,224.90,20.3,3.33,2017,
385,Panasonic Lumix DC-GH5 Body,,17.30,13.00,224.90,20.3,3.33,2017,
386,Panasonic Lumix DC-GH5 II,,17.30,13.00,224.90,20.3,3.33,2021,
387,Panasonic Lumix DC-GH5 II Body,,17.30,13.00,224.90,20.3,3.33,2021,
348,Olympus OM-D E-M1 Mark III,,17.30,13.00,224.90,20.4,3.32,2020,
349,Olympus OM-D E-M1 Mark III Body,,17.30,13.00,224.90,20.4,3.32,2020,
354,Olympus OM-D E-M5 Mark III,,17.30,13.00,224.90,20.4,3.32,2019,
357,OM System OM-1,,17.30,13.00,224.90,20.4,3.32,2022,
358,OM System OM-1 Body,,17.30,13.00,224.90,20.4,3.32,2022,
359,OM System OM-1 Mark II,,17.30,13.00,224.90,20.4,3.32,2024,
360,OM System OM-1 Mark II Body,,17.30,13.00,224.90,20.4,3.32,2024,
361,OM System OM-3,,17.30,13.00,224.90,20.4,3.32,2025,
362,OM System OM-3 Body,,17.30,13.00,224.90,20.4,3.32,2025,
363,OM System OM-5,,17.30,13.00,224.90,20.4,3.32,2022,
364,OM System OM-5 Mark II,,17.30,13.00,224.90,20.4,3.32,2025,
365,OM System OM-5 Mark II sand,,17.30,13.00,224.90,20.4,3.32,2025,
538,Technaxx Zeitraffer-Kamera TX-164,1/2.7,5.37,4.04,21.69,2.0,3.29,2021,
61,Canon EOS 90D,,22.30,14.80,330.04,32.5,3.19,2019,
62,Canon EOS 90D Body,,22.30,14.80,330.04,32.5,3.19,2019,
86,Canon EOS R7,,22.30,14.80,330.04,32.5,3.19,2022,
87,Canon EOS R7 Body,,22.30,14.80,330.04,32.5,3.19,2022,
88,Canon EOS R7 Body,,22.30,14.80,330.04,32.5,3.19,2022,
534,Technaxx Mini Nature Wild Cam TX-117,1/4,5.08,3.81,19.35,2.0,3.11,2020,
201,Fujifilm X-E5,,23.50,15.70,368.95,40.2,3.03,2025,
213,Fujifilm X-T5,,23.50,15.70,368.95,40.2,3.03,2022,
214,Fujifilm X-T50,,23.50,15.70,368.95,40.2,3.03,2024,
171,Fujifilm FinePix X100VI,1/0.6,23.50,15.60,366.60,40.2,3.02,2024,
202,Fujifilm X-H2,,23.50,15.60,366.60,40.2,3.02,2022,
203,Fujifilm X-H2 Body,,23.50,15.60,366.60,40.2,3.02,2022,
389,Panasonic Lumix DC-GH6,,17.30,13.00,224.90,25.2,2.99,2022,
390,Panasonic Lumix DC-GH6 Body,,17.30,13.00,224.90,25.2,2.99,2022,
391,Panasonic Lumix DC-GH7,,17.30,13.00,224.90,25.2,2.99,2024,
392,Panasonic Lumix DC-GH7 Body,,17.30,13.00,224.90,25.2,2.99,2024,
382,Panasonic Lumix DC-G9II,,17.30,13.00,224.90,25.2,2.99,2023,
383,Panasonic Lumix DC-G9II Body,,17.30,13.00,224.90,25.2,2.99,2023,
119,Casio Exilim EX-Z3,1/2.5,5.76,4.29,24.71,3.2,2.78,2003,
513,Sony Cyber-shot DSC-RX0,1/1,13.20,8.80,116.16,15.3,2.76,2017,
514,Sony Cyber-shot DSC-RX0 II,1/1,13.20,8.80,116.16,15.3,2.76,2019,
199,Fujifilm X half X-HF1,1/1,13.30,8.80,117.04,17.7,2.57,2025,
113,Casio Exilim EX-F1,1/1.8,7.18,5.32,38.20,6.0,2.52,2008,
516,Sony Cyber-shot DSC-RX10 IV,1/1,13.20,8.80,116.16,20.1,2.40,2017,IMX183;IMX283;IMX383
517,Sony Cyber-shot DSC-RX100 IV,1/1,13.20,8.80,116.16,20.1,2.40,2015,IMX183;IMX283;IMX383
518,Sony Cyber-shot DSC-RX100 VII,1/1,13.20,8.80,116.16,20.1,2.40,2019,IMX183;IMX283;IMX383
519,Sony Cyber-shot DSC-RX100 VII A,1/1,13.20,8.80,116.16,20.1,2.40,2025,IMX183;IMX283;IMX383
520,Sony Vlog-Kamera ZV-1,1/1,13.20,8.80,116.16,20.1,2.40,2020,IMX183;IMX283;IMX383
521,Sony Vlog-Kamera ZV-1 II,1/1,13.20,8.80,116.16,20.1,2.40,2023,IMX183;IMX283;IMX383
522,Sony Vlog-Kamera ZV-1A,1/1,13.20,8.80,116.16,20.1,2.40,2025,IMX183;IMX283;IMX383
523,Sony Vlog-Kamera ZV-1F,1/1,13.20,8.80,116.16,20.1,2.40,2022,IMX183;IMX283;IMX383
515,Sony Cyber-shot DSC-RX10 II,1/1,13.20,8.80,116.16,20.2,2.40,2015,IMX183;IMX283;IMX383
535,Technaxx Nature Cam TX-69,1/2.5,5.76,4.29,24.71,5.0,2.22,2019,
464,Rollei Powerflex 10x Optical Zoom,1/2.8,7.26,5.44,39.50,8.5,2.16,2024,
186,Fujifilm instax mini LiPlay blush,1/5,4.06,3.05,12.39,3.7,1.83,2019,
187,Fujifilm instax mini LiPlay deep,1/5,4.06,3.05,12.39,3.7,1.83,2024,
188,Fujifilm instax mini LiPlay elegant black,1/5,4.06,3.05,12.39,3.7,1.83,2019,
189,Fujifilm instax mini LiPlay matcha green,1/5,4.06,3.05,12.39,3.7,1.83,2024,
190,Fujifilm instax mini LiPlay misty white,1/5,4.06,3.05,12.39,3.7,1.83,2024,
191,Fujifilm instax mini LiPlay stone white,1/5,4.06,3.05,12.39,3.7,1.83,2019,
197,Fujifilm instax Square SQ20,1/5,4.06,3.05,12.39,3.7,1.83,2018,
114,Casio Exilim EX-FC100,1/2.3,6.17,4.55,28.07,9.1,1.76,2009,
120,Casio Exilim EX-Z80,1/2.5,5.76,4.29,24.71,8.1,1.75,2008,
115,Casio Exilim EX-FR100,1/2.3,6.17,4.55,28.07,10.2,1.66,2016,
192,Fujifilm instax Pal Gem Black,1/5,4.06,3.05,12.39,4.9,1.59,2023,
193,Fujifilm instax Pal Lavender Blue,1/5,4.06,3.05,12.39,4.9,1.59,2023,
194,Fujifilm instax Pal Milky White,1/5,4.06,3.05,12.39,4.9,1.59,2023,
195,Fujifilm instax Pal Pistachio Green,1/5,4.06,3.05,12.39,4.9,1.59,2023,
196,Fujifilm instax Pal Powder Pink,1/5,4.06,3.05,12.39,4.9,1.59,2023,
182,Fujifilm instax mini Evo,1/5,4.06,3.05,12.39,4.9,1.59,2021,
183,Fujifilm instax mini Evo 90th Anniversary,1/5,4.06,3.05,12.39,4.9,1.59,2024,
184,Fujifilm instax mini Evo 90th Anniversary dunkel,1/5,4.06,3.05,12.39,4.9,1.59,2024,
185,Fujifilm instax mini Evo USB-C,1/5,4.06,3.05,12.39,4.9,1.59,2024,
284,Leica SOFORT 2,1/5,4.06,3.05,12.39,4.9,1.59,2023,
285,Leica SOFORT 2 100 YEARS OF LEICA Jubiläumsedition,1/5,4.06,3.05,12.39,4.9,1.59,2025,
286,Leica SOFORT 2 Burton Edition,1/5,4.06,3.05,12.39,4.9,1.59,2025,
2,AgfaPhoto Realishot C130,1/3.1,6.55,4.92,32.22,13.0,1.57,2025,
96,Canon PowerShot PX Essential Kit,1/2.3,6.17,4.55,28.07,11.7,1.55,2021,
356,Olympus TG-6,1/2.3,6.17,4.55,28.07,12.0,1.53,2019,
366,OM System TG-7,1/2.3,6.17,4.55,28.07,12.0,1.53,2023,
453,RICOH Theta SC2,1/2.3,6.17,4.55,28.07,12.0,1.53,2019,
116,Casio Exilim EX-H10,1/2.3,6.17,4.55,28.07,12.1,1.52,2009,
121,Casio Exilim EX-ZR10,1/2.3,6.17,4.55,28.07,12.1,1.52,2010,
122,Casio Exilim EX-ZR100,1/2.3,6.17,4.55,28.07,12.1,1.52,2011,
413,Panasonic Lumix DMC-FZ330,1/2.3,6.17,4.55,28.07,12.1,1.52,2018,
130,Casio Exilim EX-ZS15,1/2.3,6.17,4.55,28.07,14.1,1.41,2011,
131,Casio Exilim EX-ZS5,1/2.3,6.17,4.55,28.07,14.1,1.41,2011,
533,Technaxx Birdcam TX-165,1/3.2,4.54,3.42,15.53,8.0,1.39,2022,
536,Technaxx Nature Wild Cam TX-125,1/3.2,4.54,3.42,15.53,8.0,1.39,2021,
537,Technaxx Nature Wild Cam TX-160,1/3.2,4.54,3.42,15.53,8.0,1.39,2021,
297,Nikon Coolpix L840,1/2.3,6.17,4.55,28.07,16.0,1.32,2015,
298,Nikon Coolpix P1000,1/2.3,6.17,4.55,28.07,16.0,1.32,2018,
299,Nikon Coolpix P1100,1/2.3,6.17,4.55,28.07,16.0,1.32,2025,
300,Nikon Coolpix P950,1/2.3,6.17,4.55,28.07,16.0,1.32,2020,
423,Panasonic Lumix DMC-TZ58,1/2.3,6.17,4.55,28.07,16.0,1.32,2015,
435,Pentax WG-90,1/2.3,6.17,4.55,28.07,16.0,1.32,2023,
456,RICOH WG-70,1/2.3,6.17,4.55,28.07,16.0,1.32,2020,
457,RICOH WG-80,1/2.3,6.17,4.55,28.07,16.0,1.32,2022,
468,SeaLife Micro 3.0,1/2.3,6.17,4.55,28.07,16.0,1.32,2022,
469,SeaLife Micro 3.0 Pro 3000 Set,1/2.3,6.17,4.55,28.07,16.0,1.32,2022,
117,Casio Exilim EX-H30,1/2.3,6.17,4.55,28.07,16.1,1.32,2011,
118,Casio Exilim EX-N1 Casual,1/2.3,6.17,4.55,28.07,16.1,1.32,2012,
123,Casio Exilim EX-ZR1000,1/2.3,6.17,4.55,28.07,16.1,1.32,2012,
124,Casio Exilim EX-ZR200,1/2.3,6.17,4.55,28.07,16.1,1.32,2012,
125,Casio Exilim EX-ZR300,1/2.3,6.17,4.55,28.07,16.1,1.32,2012,
126,Casio Exilim EX-ZR400,1/2.3,6.17,4.55,28.07,16.1,1.32,2013,
127,Casio Exilim EX-ZR410,1/2.3,6.17,4.55,28.07,16.1,1.32,2013,
128,Casio Exilim EX-ZR700,1/2.3,6.17,4.55,28.07,16.1,1.32,2013,
129,Casio Exilim EX-ZR710,1/2.3,6.17,4.55,28.07,16.1,1.32,2013,
247,Kodak Astro Zoom AZ421,1/2.3,6.17,4.55,28.07,16.1,1.32,2016,
243,Kodak Astro Zoom AZ252,1/2.3,6.17,4.55,28.07,16.2,1.32,2017,
245,Kodak Astro Zoom AZ401,1/2.3,6.17,4.55,28.07,16.2,1.32,2017,
251,Kodak Friendly Zoom FZ43,1/2.3,6.17,4.55,28.07,16.2,1.32,2017,
252,Kodak Friendly Zoom FZ45,1/2.3,6.17,4.55,28.07,16.2,1.32,2022,
253,Kodak Friendly Zoom FZ55,1/2.3,6.17,4.55,28.07,16.2,1.32,2022,
244,Kodak Astro Zoom AZ255,1/2.3,6.17,4.55,28.07,16.4,1.31,2023,
250,Kodak Astro Zoom AZ528,1/2.3,6.17,4.55,28.07,16.4,1.31,2024,
263,Kodak WPZ2,1/2.3,6.17,4.55,28.07,16.4,1.31,2019,
432,Pentax WG-1000,1/2.3,6.17,4.55,28.07,16.4,1.31,2024,
433,Pentax WG-1000 olive,1/2.3,6.17,4.55,28.07,16.4,1.31,2024,
172,Fujifilm FinePix XP140,1/2.3,6.17,4.55,28.07,16.4,1.31,2019,
368,Panasonic Lumix DC-FZ82,1/2.3,6.17,4.55,28.07,18.1,1.25,2017,
369,Panasonic Lumix DC-FZ82D,1/2.3,6.17,4.55,28.07,18.1,1.25,2024,
424,Panasonic Lumix DMC-TZ80,1/2.3,6.17,4.55,28.07,18.1,1.25,2016,
105,Canon PowerShot Zoom,1/3,4.80,3.60,17.28,12.1,1.20,2020,
106,Canon PowerShot Zoom Enhanced Edition,1/3,4.80,3.60,17.28,12.1,1.20,2024,
107,Canon PowerShot Zoom Essential Kit,1/3,4.80,3.60,17.28,12.1,1.20,2024,
39,Canon Digital Ixus 185,1/2.3,6.17,4.55,28.07,20.0,1.18,2017,
248,Kodak Astro Zoom AZ422,1/2.3,6.17,4.55,28.07,20.0,1.18,2016,
434,Pentax WG-8,1/2.3,6.17,4.55,28.07,20.0,1.18,2024,
443,RICOH G900SE,1/2.3,6.17,4.55,28.07,20.0,1.18,2019,
444,RICOH G900SE II,1/2.3,6.17,4.55,28.07,20.0,1.18,2024,
512,Sony Cyber-shot DSC-H300,1/2.3,6.17,4.55,28.07,20.1,1.18,2014,
40,Canon Digital Ixus 285 HS,1/2.3,6.17,4.55,28.07,20.2,1.18,2016,
97,Canon PowerShot SX620 HS,1/2.3,6.17,4.55,28.07,20.2,1.18,2016,
98,Canon PowerShot SX70 HS,1/2.3,6.17,4.55,28.07,20.3,1.18,2018,
99,Canon PowerShot SX740 HS,1/2.3,6.17,4.55,28.07,20.3,1.18,2018,
100,Canon PowerShot SX740 HS Lite Edition,1/2.3,6.17,4.55,28.07,20.3,1.18,2025,
425,Panasonic Lumix DMC-TZ99,1/2.3,6.17,4.55,28.07,20.3,1.18,2024,
367,Panasonic Lumix DC-FT7,1/2.3,6.17,4.55,28.07,20.4,1.17,2018,
246,Kodak Astro Zoom AZ405,1/2.3,6.17,4.55,28.07,20.7,1.17,2024,
249,Kodak Astro Zoom AZ425,1/2.3,6.17,4.55,28.07,20.7,1.17,2023,
10,AgfaPhoto Realishot WP9500,1/3,4.80,3.60,17.28,13.0,1.15,2025,
454,RICOH Theta X,1/2,6.40,4.80,30.72,48.0,0.80,2022,
465,Rollei Powerflex 10x Retro,1/2.8,7.26,5.44,39.50,64.0,0.79,2025,
0,AgfaPhoto Realipix Mini S,,,,,10.0,,2021,
1,AgfaPhoto Realipix Square S,,,,,10.0,,2020,
3,AgfaPhoto Realishot DC5100,,,,,2.0,,2025,
4,AgfaPhoto Realishot DC5200,,,,,,,2024,
5,AgfaPhoto Realishot DC5500,,,,,5.0,,2024,
6,AgfaPhoto Realishot DC8200,,,,,8.0,,2024,
7,AgfaPhoto Realishot DC8300,,,,,,,,
8,AgfaPhoto Realishot DC9200,,,,,,,2024,
9,AgfaPhoto Realishot WP8000,,,,,8.0,,2024,
11,AgfaPhoto Realkids Cam,,,,,1.0,,2020,
12,AgfaPhoto Realkids Cam 2,,,,,1.0,,2020,
13,Berger & Schröter 16MP Wildkamera,,,,,,,2019,
14,Berger & Schröter 4G LTE Cloud Wildkamera,,,,,4.0,,2023,
15,BolyGuard BG310-M,,,,,3.0,,2021,
16,Braun Scouting Cam Black1300,,,,,13.0,,2021,
17,Braun Scouting Cam Black1300 WiFi,,,,,13.0,,2022,
18,Braun Scouting Cam Black1320 Wifi Solar 4K DS,,,,,13.0,,2025,
19,Braun Scouting Cam Black200 Mini,,,,,2.0,,2023,
20,Braun Scouting Cam Black200 WiFi Mini,,,,,2.0,,2023,
21,Braun Scouting Cam Black200A Mini,,,,,2.0,,2023,
22,Braun Scouting Cam Black300,,,,,5.0,,2018,
23,Braun Scouting Cam Black300 Wifi Solar 4K Mini,,,,,3.0,,2025,
24,Braun Scouting Cam Black400 Dual Wifi,,,,,4.0,,2025,
25,Braun Scouting Cam Black400 Wifi 4K,,,,,4.0,,2025,
26,Braun Scouting Cam Black400 Wifi 8K,,,,,4.0,,2025,
27,Braun Scouting Cam Black400 WiFi Solar,,,,,4.0,,2022,
28,Braun Scouting Cam Black500 4K,,,,,5.0,,2025,
29,Braun Scouting Cam Black550,,,,,5.0,,2022,
30,Braun Scouting Cam Black575,,,,,5.0,,2025,
31,Braun Scouting Cam Black700,,,,,5.0,,2018,
32,Braun Scouting Cam Black800 Mini,,,,,8.0,,2021,
33,Braun Scouting Cam Black800 WiFi,,,,,8.0,,2020,
34,Braun Scouting Cam Black820 Dual Sensor,,,,,8.0,,2021,
35,"Bresser Überwachungskamera, Wildkamera",,,,,16.0,,2020,
36,Bushnell Core DS-4K,,,,,32.0,,2023,
37,Bushnell Core S-4K,,,,,23.0,,2023,
38,Camouflage EZ BirdFeed 1,,,,,,,2024,
108,Canon Zoemini C,,,,,5.0,,2019,
109,Canon Zoemini S,,,,,8.0,,2019,
110,Canon Zoemini S2 aquamarin,,,,,8.0,,2021,
111,Canon Zoemini S2 perl,,,,,8.0,,2021,
112,Canon Zoemini S2 rose,,,,,8.0,,2021,
132,Denver DCA-4811,,,,,5.0,,2024,
133,Denver DCA-4818,,,,,5.0,,2024,
134,Denver HSC-5003,,,,,5.0,,2015,
135,Denver KCA-1310 Kinderkamera,,,,,1.3,,2019,
136,Denver KCA-1320 Kinderkamera,,,,,1.3,,2020,
137,Denver KCA-1330 Kinderkamera,,,,,,,2022,
138,Denver KCA-1340BU,,,,,8.0,,2024,
139,Denver KCA-1340RO Rose,,,,,8.0,,2024,
140,Denver KPC-1370,,,,,,,2024,
141,Denver Wildkamera WCL-8040,,,,,8.0,,2023,
142,Denver Wildkamera WCS-5020,,,,,5.0,,2019,
143,Denver Wildkamera WCT-5001,,,,,5.0,,2025,
144,Denver Wildkamera WCT-5002,,,,,5.0,,2024,
145,Denver Wildkamera WCT-5003,,,,,5.0,,2015,
146,Denver Wildkamera WCT-8010,,,,,8.0,,2018,
147,Denver Wildkamera WCT-8016,,,,,8.0,,2024,
148,Denver Wildkamera WCT-8020W,,,,,8.0,,2019,
149,Denver Wildkamera WCT-8026W,,,,,8.0,,2024,
150,Dörr SnapShot Cloud 4G,,,,,5.0,,2023,
151,Dörr SnapShot Extra Black 12.0i HD,,,,,3.0,,2019,
152,Dörr Snapshot Mini Black 12MP,,,,,12.0,,2017,
153,Dörr Wild Snap IR X42,,,,,8.0,,2015,
154,Easypix Aquapix W3027 Wave Gelb,,,,,5.0,,2025,
155,Easypix Aquapix W3027 Wave Iceblue,,,,,5.0,,2025,
156,Easypix Aquapix W3027 Wave Marine Blue,,,,,5.0,,2024,
157,Easypix Aquapix W3027 Wave Pink,,,,,5.0,,2025,
158,Easypix Aquapix W3027 Wave Sunset Orange,,,,,5.0,,2024,
159,Easypix GoXtreme Reef,,,,,8.0,,2024,
160,Easypix KiddyPix Blizz,,,,,2.0,,2019,
161,Easypix KiddyPix Galaxy,,,,,1.3,,2018,
162,Easypix KiddyPix Mystery,,,,,1.3,,2018,
163,Easypix PowerPro VX6430,,,,,8.0,,2025,
164,Easypix V48 Pocket,,,,,8.0,,2025,
165,Easypix V64 Flip,,,,,,,2025,
166,Easypix W2024,,,,,5.0,,2023,
167,Easypix W3048 Edge iceblue,,,,,13.0,,2020,
168,Easypix W3048 Edge violet,,,,,13.0,,2023,
169,Easypix W3048 Edge yellow,,,,,13.0,,2020,
170,Folgtek Wildkamera,,,,,,,2023,
198,Fujifilm Wide Evo,1/3,4.80,3.60,,,,2025,
215,GardePro A3S,,,,,,,2024,
216,GardePro E8 WiFi,,,,,32.0,,2022,
222,Hoppstar Artist blossom,,,,,5.0,,2025,
223,Hoppstar Artist blush,,,,,5.0,,2024,
224,Hoppstar Artist denim,,,,,5.0,,2025,
225,Hoppstar Artist laurel,,,,,5.0,,2024,
226,Hoppstar Artist Memo,,,,,5.0,,2025,
227,Hoppstar Artist oat,,,,,5.0,,2024,
228,Hoppstar Expert blush,,,,,3.0,,2024,
229,Hoppstar Expert citron,,,,,3.0,,2024,
230,Hoppstar Expert laurel,,,,,3.0,,2024,
231,Hoppstar Expert yale,,,,,3.0,,2024,
232,Hoppstar Rookie blossom,,,,,3.0,,2024,
233,Hoppstar Rookie blush,,,,,3.0,,2024,
234,Hoppstar Rookie honey,,,,,3.0,,2024,
235,Hoppstar Rookie moss,,,,,3.0,,2024,
236,Hoppstar Rookie oat,,,,,3.0,,2024,
237,Hoppstar Rookie yale,,,,,3.0,,2024,
238,JoyFan H1 Wildkamera,,,,,1.0,,2023,
239,Kandao QooCam 3 Ultra 8K,1/1.7,7.60,5.70,,,,2024,
240,Kandao QooCam 8K Enterprise,1/1.7,7.60,5.70,,,,2020,
241,Kidywolf Kidycam,,,,,8.0,,2024,
242,Kidywolf Kidyprint,,,,,8.0,,2024,
254,Kodak Mini Shot 2 Combo,,,,,10.0,,2020,
255,Kodak Mini Shot 2 Combo Retro,,,,,10.0,,2020,
256,Kodak Mini Shot 3 Combo,,,,,10.0,,2020,
257,Kodak Mini Shot 3 Combo Retro,,,,,10.0,,2020,
258,Kodak MiniShot,,,,,10.0,,2017,
259,Kodak Printomatic,,,,,10.0,,2018,
260,Kodak Smile,,,,,10.0,,2019,
261,Kodak Smile+,,,,,5.0,,2024,
262,Kodak Smile+ fuchsie,,,,,5.0,,2024,
288,Lexibook Minions,,,,,1.2,,2016,
289,Lexibook Star Wars,,,,,1.3,,2016,
290,Little Tikes Tobi 2 Director's Camera,,,,,5.0,,2022,
291,Minox Wildkamera DTC 460,,,,,,,2020,
292,Minox Wildkamera DTC 550,,,,,5.0,,2017,
293,Nedis Wildlife Kamera,,,,,3.0,,2022,
294,Nedis Wildlife Kamera,,,,,4.0,,2025,
342,Oaxis myFirst Camera 10,,,,,5.0,,2024,
343,Oaxis myFirst Camera 2,,,,,8.0,,2024,
344,Oaxis myFirst Camera 3,,,,,,,2024,
345,Oaxis myFirst Camera Insta 2,,,,,3.0,,2024,
346,Oaxis myFirst Camera Insta Wi,,,,,,,2024,
347,Oaxis myFirst Camera Insta Wi türkis,,,,,,,2024,
426,Panono Explorer Edition,,,,,108.0,,2016,
439,Polaroid iS525,,,,,16.0,,2016,
440,Polaroid iX5038,,,,,20.0,,2016,
441,Polaroid Mint 2-in-1 Instant Digital Camera,,,,,16.0,,2018,
442,Polaroid Pop,,,,,20.0,,2017,
458,Rollei Compactline 10x,,,,,20.0,,2024,
459,Rollei Compactline 880,,,,,18.0,,2024,
460,Rollei Compactline Dual Screen,,,,,64.0,,2025,
461,Rollei Compactline Mini,,,,,8.0,,2024,
462,Rollei Compactline Pocket,,,,,5.0,,2025,
463,Rollei D2Pro,,,,,20.0,,2024,
466,Rollei Sportsline 60 Plus,,,,,8.0,,2019,
467,Rollei Sportsline Fun,,,,,5.0,,2024,
470,Seissiger Special-Cam Classic,,,,,12.0,,2022,
471,Seissiger Special-Cam Supersim,,,,,12.0,,2023,
472,ShinePick Fotoapparat Kinder,,,,,8.0,,2024,
478,Somikon Kinder-Full-HD-Digitalkamera,,,,,1.3,,2024,
530,Spypoint FLEX,,,,,33.0,,2023,
531,Spypoint LINK-MICRO-LTE,,,,,10.0,,2023,
532,Spypoint LINK-MICRO-S-LTE,,,,,10.0,,2021,
539,Vmotal GDC80X2,,,,,,,2022,
540,Vosker V150,,,,,,,2022,
541,Vosker V200,,,,,,,2022,
542,VTech Kidizoom Duo,,,,,2.0,,2015,
543,VTech Kidizoom Duo 5.0,,,,,5.0,,2018,
544,VTech Kidizoom Duo DX,,,,,5.0,,2020,
545,VTech Kidizoom Duo Pro,,,,,2.0,,2023,
546,VTech Kidizoom Duo Pro mit Tasche,,,,,2.0,,2023,
547,VTech Kidizoom Flix,,,,,0.3,,2017,
548,VTech Kidizoom Kid 2,,,,,2.0,,2020,
549,VTech Kidizoom Kid 4,,,,,2.0,,2024,
550,VTech Kidizoom Print Cam,,,,,2.0,,2021,
551,VTech Kidizoom Touch,,,,,2.0,,2013,
552,VTech Kidizoom Touch 5.0,,,,,5.0,,2018,
553,VTech Kidizoom Video Studio HD,,,,,2.0,,2020,
554,Wolfang WDC02,,,,,,,2025,
555,Yashica City 100,,,,,,,2025,
556,Yashica City 200,,,,,,,2025,
557,Yashica DZ-100 Hello Kitty,,,,,5.0,,2025,
558,Yashica Mini Hello Kitty,,,,,3.0,,2025,
559,Yashica x Peanuts DP-100 Blue Sky,,,,,5.0,,2025,
560,Yashica x Peanuts DP-100 Sage,,,,,5.0,,2025,
561,Yashica x Peanuts Mini Cream,,,,,3.0,,2025,
562,Zeiss Secacam 3 Wildkamera,,,,,3.0,,2025,
563,Zeiss Secacam 5 Wide Angle Wildkamera,,,,,5.0,,2024,
564,Zeiss Secacam 5 Wildkamera,,,,,5.0,,2024,
565,Zeiss Secacam 7 Wildkamera,,,,,5.0,,2024,
